Actual,Predicted
0.188213939,0.16785729146337366
0.063011895,0.04859503568129231
0.118832686,0.11735599699883095
0.146244409,0.13828141833093852
0.210201053,0.20530115936453083
0.160258133,0.14939163481393627
0.210201053,0.20530115936453083
0.0,0.041801650070437936
0.084083592,0.07112511795835402
0.170438466,0.1819842100561449
